-- phpMyAdmin SQL Dump
-- version 4.6.5.2
-- https://www.phpmyadmin.net/
--
-- Host: localhost:8889
-- Generation Time: Apr 30, 2017 at 11:30 PM
-- Server version: 5.6.35
-- PHP Version: 7.0.15

SET SQL_MODE = "NO_AUTO_VALUE_ON_ZERO";
SET time_zone = "+00:00";

--
-- Database: `porchfest`
--

-- --------------------------------------------------------

--
-- Table structure for table `bandavailabletimes`
--

CREATE TABLE `bandavailabletimes` (
  `BandID` int(11) NOT NULL,
  `TimeslotID` int(11) NOT NULL
) ENGINE=InnoDB DEFAULT CHARSET=latin1;

--
-- Dumping data for table `bandavailabletimes`
--

INSERT INTO `bandavailabletimes` (`BandID`, `TimeslotID`) VALUES
(0, 0),
(1, 1),
(2, 1),
(4, 1),
(6, 1),
(10, 1),
(12, 1),
(13, 1),
(15, 1),
(16, 1),
(18, 1),
(19, 1),
(20, 1),
(21, 1),
(24, 1),
(27, 1),
(28, 1),
(30, 1),
(31, 1),
(33, 1),
(35, 1),
(36, 1),
(37, 1),
(41, 1),
(43, 1),
(44, 1),
(45, 1),
(48, 1),
(50, 1),
(51, 1),
(54, 1),
(55, 1),
(56, 1),
(57, 1),
(62, 1),
(63, 1),
(68, 1),
(71, 1),
(72, 1),
(73, 1),
(76, 1),
(77, 1),
(78, 1),
(83, 1),
(85, 1),
(88, 1),
(90, 1),
(92, 1),
(94, 1),
(97, 1),
(98, 1),
(103, 1),
(104, 1),
(107, 1),
(110, 1),
(111, 1),
(113, 1),
(114, 1),
(116, 1),
(117, 1),
(118, 1),
(120, 1),
(121, 1),
(123, 1),
(124, 1),
(125, 1),
(128, 1),
(129, 1),
(130, 1),
(133, 1),
(134, 1),
(136, 1),
(139, 1),
(141, 1),
(143, 1),
(145, 1),
(146, 1),
(147, 1),
(151, 1),
(152, 1),
(153, 1),
(154, 1),
(155, 1),
(156, 1),
(157, 1),
(158, 1),
(159, 1),
(162, 1),
(164, 1),
(165, 1),
(166, 1),
(168, 1),
(169, 1),
(173, 1),
(175, 1),
(176, 1),
(178, 1),
(180, 1),
(182, 1),
(183, 1),
(184, 1),
(185, 1),
(187, 1),
(188, 1),
(190, 1),
(191, 1),
(192, 1),
(1, 2),
(2, 2),
(4, 2),
(6, 2),
(10, 2),
(12, 2),
(13, 2),
(14, 2),
(15, 2),
(16, 2),
(19, 2),
(20, 2),
(21, 2),
(22, 2),
(23, 2),
(24, 2),
(25, 2),
(27, 2),
(29, 2),
(30, 2),
(31, 2),
(32, 2),
(33, 2),
(34, 2),
(35, 2),
(37, 2),
(38, 2),
(39, 2),
(43, 2),
(44, 2),
(45, 2),
(48, 2),
(50, 2),
(51, 2),
(54, 2),
(55, 2),
(56, 2),
(57, 2),
(62, 2),
(63, 2),
(64, 2),
(65, 2),
(66, 2),
(68, 2),
(71, 2),
(72, 2),
(73, 2),
(74, 2),
(76, 2),
(77, 2),
(78, 2),
(79, 2),
(82, 2),
(83, 2),
(85, 2),
(87, 2),
(88, 2),
(90, 2),
(91, 2),
(92, 2),
(93, 2),
(95, 2),
(96, 2),
(97, 2),
(98, 2),
(100, 2),
(102, 2),
(103, 2),
(104, 2),
(106, 2),
(107, 2),
(110, 2),
(111, 2),
(112, 2),
(113, 2),
(114, 2),
(116, 2),
(118, 2),
(120, 2),
(121, 2),
(123, 2),
(124, 2),
(125, 2),
(128, 2),
(129, 2),
(130, 2),
(131, 2),
(133, 2),
(134, 2),
(136, 2),
(137, 2),
(138, 2),
(141, 2),
(143, 2),
(145, 2),
(146, 2),
(147, 2),
(148, 2),
(151, 2),
(152, 2),
(153, 2),
(154, 2),
(155, 2),
(156, 2),
(157, 2),
(158, 2),
(159, 2),
(160, 2),
(162, 2),
(164, 2),
(165, 2),
(166, 2),
(168, 2),
(169, 2),
(170, 2),
(173, 2),
(175, 2),
(176, 2),
(177, 2),
(178, 2),
(179, 2),
(180, 2),
(182, 2),
(183, 2),
(184, 2),
(185, 2),
(186, 2),
(187, 2),
(188, 2),
(189, 2),
(191, 2),
(1, 3),
(2, 3),
(3, 3),
(4, 3),
(5, 3),
(6, 3),
(10, 3),
(12, 3),
(13, 3),
(15, 3),
(16, 3),
(19, 3),
(20, 3),
(21, 3),
(22, 3),
(23, 3),
(24, 3),
(25, 3),
(30, 3),
(31, 3),
(32, 3),
(33, 3),
(34, 3),
(35, 3),
(37, 3),
(38, 3),
(39, 3),
(40, 3),
(41, 3),
(43, 3),
(45, 3),
(47, 3),
(48, 3),
(49, 3),
(50, 3),
(51, 3),
(54, 3),
(55, 3),
(56, 3),
(57, 3),
(58, 3),
(60, 3),
(61, 3),
(63, 3),
(64, 3),
(65, 3),
(66, 3),
(67, 3),
(68, 3),
(70, 3),
(71, 3),
(72, 3),
(73, 3),
(74, 3),
(75, 3),
(76, 3),
(77, 3),
(78, 3),
(79, 3),
(80, 3),
(83, 3),
(85, 3),
(87, 3),
(88, 3),
(90, 3),
(91, 3),
(92, 3),
(93, 3),
(96, 3),
(97, 3),
(98, 3),
(99, 3),
(100, 3),
(101, 3),
(102, 3),
(103, 3),
(105, 3),
(106, 3),
(110, 3),
(112, 3),
(113, 3),
(114, 3),
(116, 3),
(118, 3),
(119, 3),
(120, 3),
(121, 3),
(123, 3),
(124, 3),
(125, 3),
(127, 3),
(128, 3),
(129, 3),
(130, 3),
(131, 3),
(132, 3),
(133, 3),
(134, 3),
(135, 3),
(136, 3),
(137, 3),
(138, 3),
(140, 3),
(141, 3),
(143, 3),
(145, 3),
(146, 3),
(147, 3),
(148, 3),
(150, 3),
(151, 3),
(152, 3),
(153, 3),
(154, 3),
(155, 3),
(156, 3),
(157, 3),
(158, 3),
(159, 3),
(160, 3),
(161, 3),
(162, 3),
(163, 3),
(164, 3),
(165, 3),
(166, 3),
(167, 3),
(168, 3),
(169, 3),
(170, 3),
(171, 3),
(173, 3),
(174, 3),
(175, 3),
(176, 3),
(177, 3),
(178, 3),
(179, 3),
(180, 3),
(182, 3),
(183, 3),
(184, 3),
(185, 3),
(186, 3),
(187, 3),
(188, 3),
(191, 3),
(1, 4),
(2, 4),
(3, 4),
(4, 4),
(5, 4),
(6, 4),
(8, 4),
(9, 4),
(10, 4),
(11, 4),
(12, 4),
(16, 4),
(19, 4),
(20, 4),
(21, 4),
(22, 4),
(23, 4),
(25, 4),
(26, 4),
(30, 4),
(31, 4),
(33, 4),
(34, 4),
(35, 4),
(37, 4),
(38, 4),
(39, 4),
(40, 4),
(41, 4),
(43, 4),
(45, 4),
(46, 4),
(47, 4),
(48, 4),
(49, 4),
(50, 4),
(51, 4),
(54, 4),
(55, 4),
(58, 4),
(60, 4),
(61, 4),
(63, 4),
(64, 4),
(65, 4),
(66, 4),
(67, 4),
(68, 4),
(69, 4),
(70, 4),
(71, 4),
(72, 4),
(73, 4),
(74, 4),
(75, 4),
(76, 4),
(77, 4),
(78, 4),
(79, 4),
(80, 4),
(81, 4),
(83, 4),
(84, 4),
(85, 4),
(86, 4),
(87, 4),
(88, 4),
(90, 4),
(91, 4),
(92, 4),
(93, 4),
(96, 4),
(97, 4),
(98, 4),
(99, 4),
(100, 4),
(101, 4),
(102, 4),
(103, 4),
(105, 4),
(106, 4),
(108, 4),
(109, 4),
(110, 4),
(112, 4),
(113, 4),
(114, 4),
(116, 4),
(118, 4),
(119, 4),
(120, 4),
(122, 4),
(123, 4),
(124, 4),
(125, 4),
(127, 4),
(128, 4),
(129, 4),
(130, 4),
(131, 4),
(132, 4),
(133, 4),
(134, 4),
(136, 4),
(137, 4),
(138, 4),
(140, 4),
(141, 4),
(143, 4),
(144, 4),
(145, 4),
(146, 4),
(147, 4),
(148, 4),
(150, 4),
(152, 4),
(153, 4),
(154, 4),
(155, 4),
(156, 4),
(157, 4),
(158, 4),
(159, 4),
(161, 4),
(162, 4),
(163, 4),
(164, 4),
(165, 4),
(166, 4),
(167, 4),
(169, 4),
(170, 4),
(171, 4),
(172, 4),
(173, 4),
(174, 4),
(176, 4),
(177, 4),
(178, 4),
(179, 4),
(180, 4),
(181, 4),
(182, 4),
(183, 4),
(184, 4),
(185, 4),
(186, 4),
(187, 4),
(191, 4),
(1, 5),
(3, 5),
(4, 5),
(5, 5),
(7, 5),
(8, 5),
(9, 5),
(10, 5),
(11, 5),
(12, 5),
(16, 5),
(17, 5),
(19, 5),
(20, 5),
(21, 5),
(25, 5),
(26, 5),
(30, 5),
(31, 5),
(33, 5),
(34, 5),
(35, 5),
(38, 5),
(39, 5),
(40, 5),
(42, 5),
(43, 5),
(45, 5),
(46, 5),
(48, 5),
(49, 5),
(50, 5),
(51, 5),
(52, 5),
(53, 5),
(54, 5),
(55, 5),
(56, 5),
(57, 5),
(58, 5),
(59, 5),
(61, 5),
(63, 5),
(64, 5),
(65, 5),
(66, 5),
(67, 5),
(68, 5),
(69, 5),
(70, 5),
(71, 5),
(72, 5),
(73, 5),
(75, 5),
(76, 5),
(77, 5),
(78, 5),
(79, 5),
(83, 5),
(84, 5),
(85, 5),
(87, 5),
(88, 5),
(90, 5),
(91, 5),
(92, 5),
(93, 5),
(96, 5),
(98, 5),
(99, 5),
(100, 5),
(101, 5),
(102, 5),
(103, 5),
(105, 5),
(109, 5),
(110, 5),
(112, 5),
(113, 5),
(114, 5),
(116, 5),
(118, 5),
(119, 5),
(120, 5),
(122, 5),
(123, 5),
(124, 5),
(125, 5),
(126, 5),
(127, 5),
(128, 5),
(129, 5),
(130, 5),
(131, 5),
(132, 5),
(133, 5),
(136, 5),
(137, 5),
(138, 5),
(140, 5),
(141, 5),
(143, 5),
(144, 5),
(145, 5),
(146, 5),
(147, 5),
(148, 5),
(149, 5),
(150, 5),
(152, 5),
(153, 5),
(154, 5),
(155, 5),
(156, 5),
(157, 5),
(158, 5),
(159, 5),
(161, 5),
(162, 5),
(163, 5),
(164, 5),
(165, 5),
(166, 5),
(167, 5),
(169, 5),
(171, 5),
(172, 5),
(173, 5),
(176, 5),
(177, 5),
(179, 5),
(180, 5),
(181, 5),
(183, 5),
(184, 5),
(185, 5),
(186, 5),
(187, 5),
(191, 5),
(1, 6),
(4, 6),
(9, 6),
(10, 6),
(12, 6),
(16, 6),
(17, 6),
(19, 6),
(21, 6),
(26, 6),
(30, 6),
(31, 6),
(33, 6),
(35, 6),
(40, 6),
(42, 6),
(45, 6),
(48, 6),
(49, 6),
(50, 6),
(51, 6),
(53, 6),
(54, 6),
(55, 6),
(59, 6),
(61, 6),
(63, 6),
(64, 6),
(68, 6),
(69, 6),
(73, 6),
(76, 6),
(77, 6),
(78, 6),
(79, 6),
(85, 6),
(87, 6),
(88, 6),
(89, 6),
(90, 6),
(91, 6),
(92, 6),
(93, 6),
(96, 6),
(98, 6),
(99, 6),
(100, 6),
(101, 6),
(102, 6),
(103, 6),
(105, 6),
(109, 6),
(110, 6),
(113, 6),
(114, 6),
(115, 6),
(118, 6),
(123, 6),
(124, 6),
(128, 6),
(129, 6),
(130, 6),
(131, 6),
(132, 6),
(133, 6),
(137, 6),
(138, 6),
(141, 6),
(142, 6),
(143, 6),
(144, 6),
(145, 6),
(146, 6),
(147, 6),
(148, 6),
(150, 6),
(152, 6),
(153, 6),
(154, 6),
(155, 6),
(156, 6),
(157, 6),
(158, 6),
(159, 6),
(162, 6),
(163, 6),
(164, 6),
(165, 6),
(166, 6),
(169, 6),
(171, 6),
(172, 6),
(173, 6),
(176, 6),
(177, 6),
(179, 6),
(180, 6),
(183, 6),
(184, 6),
(185, 6),
(186, 6),
(187, 6),
(191, 6);

-- --------------------------------------------------------

--
-- Table structure for table `bandconflicts`
--

CREATE TABLE `bandconflicts` (
  `BandID1` int(11) NOT NULL,
  `BandID2` int(11) NOT NULL
) ENGINE=InnoDB DEFAULT CHARSET=latin1;

-- --------------------------------------------------------

--
-- Table structure for table `bands`
--

CREATE TABLE `bands` (
  `BandID` int(11) NOT NULL,
  `Name` varchar(255) NOT NULL,
  `Description` varchar(255) NOT NULL,
  `Members` varchar(255) NOT NULL,
  `Comment` varchar(255) NOT NULL,
  `Conflicts` varchar(255) NOT NULL
) ENGINE=InnoDB DEFAULT CHARSET=latin1;

--
-- Dumping data for table `bands`
--

INSERT INTO `bands` (`BandID`, `Name`, `Description`, `Members`, `Comment`, `Conflicts`) VALUES
(1, 'Stone Cold Miracle', 'Original soul music featuring sensational singer Trece Stevenson.', 'random', 'random', 'Mosaic Foundation, WonderMonday'),
(2, 'David Graybeard Band', '100% original, blues, roots and Americana music.', 'random', 'random', ''),
(3, 'Kitestring', 'Kitestring is a lovable, alternative-folk quartet, sporting a tank-top or two.', 'random', 'random', 'Big Upstate'),
(4, 'Tim Bang', 'Tim Bang is a singer songwriter playing folk  music', 'random', 'random', ''),
(5, 'Richie Holtz & friends', 'Richie Holtz & friends play sing-able folk-rock', 'random', 'random', 'Rich Recchia'),
(6, 'CUMEME (Cornell University Middle Eastern Music Ensemble)', 'Middle Eastern music plus belly dancers ers', 'random', 'random', ''),
(7, 'Jeannie Burns ', 'Singer Songwriter', 'random', 'random', ''),
(8, 'The Local Farmers Union', 'The Local Farmers Union - Farmer-folk Jam Funkgrass.', 'random', 'random', ''),
(9, 'Bethel Grove', 'Bethel Grove is an inspirational folk/pop band', 'random', 'random', ''),
(10, 'Circus Culture', 'we would like to do circus performance on the porch! We will have musician friends accompany.', 'random', 'random', 'Travis Knapp, Viva Mayhem, Nate Marshall'),
(11, 'Tyrannical Vegetable', 'Tyrannical Vegetable is a goofy garage band.', 'random', 'random', ''),
(12, 'Tryin\' Joe and The Mad Scientist', '\"Electro-acoustic original songs and improv\"', 'random', 'random', ''),
(13, 'Glacial Erotics', 'glacial erotics, original rock, shaken not stirred', 'random', 'random', ''),
(14, 'WonderMonday', 'WonderMonday is a original artpoprock trio.', 'random', 'random', 'Black is Green, Stone Cold Miracle'),
(15, 'El Caminos ', 'El Caminos play a dangerously danceable mix of Americana and Alt-Country', 'random', 'random', 'Purple Valley'),
(16, 'The Pelotones', 'The Pelotones are a four-piece band that plays original swing-jazz, R&B, blues, and country.', 'random', 'random', ''),
(17, 'Third Story Band', 'Third Story Band is a classic rock cover band', 'random', 'random', ''),
(18, 'CrownCityBrass', 'Crown City Brass is a non traditional group that plays music from Baroque to Jazz.', 'random', 'random', 'Jazz Happens Band, Ageless Jazz Band'),
(19, 'wild sounds', 'I make wild sounds', 'random', 'random', ''),
(20, 'Stan Stewart', 'Stan Stewart is highlighting his folk stylings with a set of new singer-songwriter tracks.', 'random', 'random', ''),
(21, 'The Purple Valley', 'The Purple Valley plays dancing music!', 'random', 'random', 'El Caminos, IthaCats'),
(22, 'Five2', 'A striking female vocal trio, Five2 captivates listeners with lush three-part harmonies and poignant songwriting. With Uniit Carruyo, Charisse Lucente, Yvette Lucente, Brian Dozoretz, and Dana Billings', 'random', 'random', ''),
(23, 'Insolent Cur', 'Acoustic Americana and acoustic covers', 'random', 'random', ''),
(24, 'Grassanova', 'Bluegrass, Newgrass, and Whoknowswhatgrass!', 'random', 'random', ''),
(25, 'The Wolf Tones', 'Sly pop/folk duo sing original tunes with harmonies.', 'random', 'random', ''),
(26, 'GoGone', 'GoGone plays original roots, rock & blues', 'random', 'random', ''),
(27, 'Jon Kaplan and Dexter Kozen', 'Acoustic guitar/vocal duo', 'random', 'random', ''),
(28, 'Professor Tuesday\'s Jazz Quartet', 'Professor Tuesday\'s Jazz Quartet plays fun, mainstream jazz.', 'random', 'random', ''),
(29, 'Ella Sarachan', 'Ella Sarachan sings jazz standards backed by Professor Tuesday\'s Jazz Quartet', 'random', 'random', ''),
(30, 'Auntie Emo\'s Ukulele Showcase', 'The little ukulele climbs every mountain, fords every stream, exalts every valley.', 'random', 'random', 'Jazz Happens, Brass Quintet'),
(31, 'Auntie Emo\'s Ukulele Workshop', 'Learn \"Over the Rainbow\"; accompany dancers of the hula', 'random', 'random', ''),
(32, 'Ithaca Gay Men\'s Chorus', 'men\'s chorus', 'random', 'random', ''),
(33, 'JazzHappensBand', 'JazzHappens Band is a 7-piece traditional jazz band', 'random', 'random', 'Ageless Jazz Band, Crown City Brass'),
(34, 'Mathew Roth', 'Instrumental Piano & Violin Loops', 'random', 'random', ''),
(35, 'Ageless Jazz Band', 'The Ageless Jazz Band is a 17-piece big band jazz ensemble', 'random', 'random', 'Jazz Happens Band, Crown City Bass'),
(36, 'Kats \'N\' Janmmers', 'Old Celtic tunes and singalong songs.', 'random', 'random', 'Blue Grass Band, IthaCats'),
(37, 'Laura J. Peters', 'Laura J. Peters is an acoustic singer-songwriter partial to soulful storytelling songs and people who like to listen to them.', 'random', 'random', ''),
(38, 'Cornell Ukulele Club', 'The Cornell Ukulele Club is a group of Cornell students who play a variety of music genres using ukuleles and percussion instruments.', 'random', 'random', ''),
(39, 'The Darts', 'The Darts are a 5-piece alt rock band', 'random', 'random', 'Yardvarks, Radio London'),
(40, 'Grey Wolf Jam', 'Grey Wolf Howls Raucous Oldies', 'random', 'random', ''),
(41, 'Dr. K', 'Solo guitar with attitude.  ', 'random', 'random', 'Wonder Monday'),
(42, 'LC Jones', 'Folk Punk preformance, lyric heavy, folksy and melodic', 'random', 'random', ''),
(43, 'The Uncommons', 'The Uncommons performs original & classic rock/jazz-rock/blues-rock/metamorphic rock! ;)', 'random', 'random', 'Darkwine, Teencat'),
(44, 'The Immortal Jellyfish', 'An ageless band playing timeless tunes', 'random', 'random', 'Cat\'s Elbow\n'),
(45, 'Thru Spectrums', 'Original 7-piece funk-rock', 'random', 'random', 'Julia Felice and the Whiskey Crisis, Fall Creek Brass Band'),
(46, 'Acoustic Rust', 'Tightly blended harmonies and songs that will never fade away. ', 'random', 'random', ''),
(47, 'danny speer & shuffle-tut', 'danny\'s songs. jazz-blues-pop', 'random', 'random', 'Misses Bitches'),
(48, 'Fall Creek Brass Band', 'New-Orleans style brass band brings the funk and the fun to the streets of Ithaca.', 'random', 'random', 'Jeff Love Band, Remstar, Mosaic Foundation, Road Man, Noon-Fifteen, Thru Spectrums, The Accidentals'),
(49, 'Rich Recchia and one friend', 'Rich Recchia is a vocalist/guitarist/percussionist/ukulele player who plays outer and innerspace music.', 'random', 'random', 'Richie Holtz'),
(50, 'Noon Fifteen', 'Noon Fifteen is a soulful psychedelic pop/rock band', 'random', 'random', 'Fall Creek Brass Band, Julia Felice and the Whiskey Crisis'),
(51, 'Doug Robertson', 'Doug Robertson is an acoustic guitar enthusiast ', 'random', 'random', ''),
(52, 'The 18 Strings Of Luv', ' Click here for information about restrooms.  The 18 Strings of Luv is Jan Nigro, John Simon and Ken Zeserson playing Beatles, Byrds and other critters from the 60?s with shimmering harmonies over a bed of interweaving acous Click here for information abo', 'random', 'random', ''),
(53, 'Burns And Kristy Band', 'Fun original material, rich vocals, lotsa fun.', 'random', 'random', 'Rockwood Ferry'),
(54, 'Sixteen Feathers', 'Sixteen Feathers plays originals and covers in the realms of indie folk, alt.country, and acoustic blues.', 'random', 'random', ''),
(55, 'Road Man', 'Funky Reggae and uplifting soul music! ', 'random', 'random', 'Fall Creek Brass Band\n'),
(56, 'Diana Leigh & the Savoy Stompers', 'Diana Leigh & the Savoy Stompers play, jazz and rhythm & blues for swing dancing and joy!', 'random', 'random', 'Jesse Collins Quartet, Ed Clute & Brian Earle'),
(57, 'Jesse Collins Quartet with Diana Leigh', 'The Jesse Collins Quartet with Diana Leigh is a modern jazz quartet with vocalist.', 'random', 'random', 'Diana Leigh & the Savoy Stompers, Ed Clute & Brian Earle'),
(58, 'Mad Cow Tippers', '3 Piece performing Rockabilly, Cow Punk and Alt Country', 'random', 'random', 'IthaCats'),
(59, 'Djug Django', 'Djug Django is a vintage jazz/blues/Latin/jug band', 'random', 'random', 'Jen Cork, Rockwood Ferry, Pelotones, Burns and Kristy'),
(60, 'Fall Crikkers Jug Band', 'The Fall Crikkers Jug band will play their 10th Annual Porchfest', 'random', 'random', ''),
(61, 'Nightswimmers', 'Nightswimmers plays 60\'s,and 70\'s inspired folk/rock/psych/Americana', 'random', 'random', 'Ryan Vanderhoof, Jennie Lowe Stearns'),
(62, 'Hickey\'s Rock School \'Summer Rocks\'', 'Summer students band', 'random', 'random', 'Road Man, Nightswimmers'),
(63, 'The Mockingbeards', 'The Mockingbeards are a 5-piece folk-rock outfit.', 'random', 'random', 'Viva Mayhem'),
(64, 'The Sears Street String Band', 'The Sears Street String Band plays Scottish, Irish, New England Contra and Scandinavian tunes on acoustic stringed instruments.  ', 'random', 'random', 'Piper Ventilators, 14 Strings'),
(65, 'ithaca Free concerts ', 'ithaca Free concerts represented by a choir of local cellists ', 'random', 'random', ''),
(66, 'The MonkeySquids', 'Rock/Alt/Punk cover band', 'random', 'random', 'JoJo Strogatz'),
(67, 'The Hilltoppers', 'The Hilltoppers play bluegrass the way everybody likes it!', 'random', 'random', ''),
(68, 'ICO Brass Quintet', 'ICO Brass Quintet plays 5-part brass arrangements featuring many different genres.', 'random', 'random', 'Ageless Jazz Band, Buffalo Horns'),
(69, 'Thaelo ', 'A thoughtful blend of Hip-Hop, Funk, Soul, and Electronic born in Ithaca NY.', 'random', 'random', 'Fall Creek Brass Band'),
(70, 'Marc Berger and RIDE', 'American Roots Music', 'random', 'random', ''),
(71, 'Darkwine', 'Darkwine is an acoustic trio featuring 3-part harmonies, 12-string guitars, a bit of fiddle & keys, and a whole lotta sweet nostalgia.', 'random', 'random', 'The Uncommons'),
(72, 'Colleen Kattau & Dos XX', ' \"Gringa grooves from the heart\"', 'random', 'random', ''),
(73, 'IthaCats', 'IthaCats is a classic rockabilly trio.', 'random', 'random', 'Mad Cow Tippers, Purple Valley'),
(74, 'Cornell Gamelan Ensemble', 'The Cornell Gamelan Ensemble plays music from Indonesia and Malaysia', 'random', 'random', ''),
(75, 'Honky Tonk Hindooz', 'The Honky Tonk Hindooz specialize in original, countrified arrangements of popular songs by diverse artists, all in a jangly, swaggerly Roots-Americana stew.', 'random', 'random', ''),
(76, 'The Grady Girls', 'The Grady Girls play Irish Traditional Music', 'random', 'random', ''),
(77, 'The Accords', 'The Accords is a cappella doo wop.', 'random', 'random', 'Diamonds in the Rough'),
(78, 'Anna O\'Connell', 'Anna O\'Connell, inventive folk harpistry.', 'random', 'random', 'Dave Yantorno'),
(79, 'Sadie Frederick', 'Sadie Frederick is a singer-songwriter from Florida.', 'random', 'random', ''),
(80, 'IthaSAMBAca', 'IthaSAMBAca is a small group dedicated to singing and playing Brazilian samba.', 'random', 'random', 'Palonegro'),
(81, 'Brian Earle and Ed Clute', 'Clarinet and Piano', 'random', 'random', ''),
(82, 'Seneca St. Recorders', 'Seneca St Recorders will play lots of di', 'random', 'random', ''),
(83, 'Whiskey Priests', 'Sweet garage and indie in a blues rock wrapper.', 'random', 'random', ''),
(84, 'Long John and the Tights', 'Long John and the Tights plays Appalachian songs and fiddle tunes!', 'random', 'random', ''),
(85, 'Isaac Sharp Classical Guitarist', 'Isaac Sharp is a classical guitarist with a modern flair.', 'random', 'random', ''),
(86, 'The Small Kings', 'The Small Kings is NOT a jam band and they\'ll deny it all afternoon long!', 'random', 'random', 'Gunpoets'),
(87, 'LilySilly Puppets', 'LilySilly Puppets performs an all ages puppet show with live music and a lot of absurdity.', 'random', 'random', ''),
(88, 'Scratched Vinyl', 'Scratched Vinyl plays rock-n-roll', 'random', 'random', ''),
(89, 'Mosaic Foundation', 'Mosaic Foundation plays reggae music!', 'random', 'random', ''),
(90, 'Finger Lakes Pipes & Drums', 'The Finger Lakes Pipes & Drums is a local, competetitive bagpipe band. ', 'random', 'random', 'Viva Mayhem'),
(91, 'Matthew Ocone', 'Matthew Ocone is a guitarist who plays classical music, Spanish music, and Brazilian music.', 'random', 'random', 'LilySilly Puppets'),
(92, 'Comfort Ave', 'Comfort Ave is an aggressive roots rock band that plays original songs.', 'random', 'random', 'Craig Frey'),
(93, 'FLX Space Tribe', 'FLX Space Trio loves to jam on rock infused originals.', 'random', 'random', ''),
(94, 'Doolin O\'Dey', 'DOOLIN O\'DEY - ORITINGAL AND TRADITIONAL CELTIC INSPIRED ENSEMBLE.', 'random', 'random', 'Piperventilators'),
(95, 'PIPERVENTILATORS', 'PIPERVENTILATORS- A TUESDAY IRISH SESSION BAND', 'random', 'random', 'Doolin O\'Dey'),
(96, 'Dickie Starfish Allstars', 'Genre hopping pop/rock cover band', 'random', 'random', ''),
(97, 'The Sweats', 'The Sweats are a unified 5 piece groove rock band united in unionized unification.', 'random', 'random', ''),
(98, 'The Fall Creek Bluegrass Partners', 'The Fall Creek Bluegrass Partners play and sing bluegrass music', 'random', 'random', 'Ithaca Cats'),
(99, 'Group Therapy Band', 'Group Therapy Eclectic portfolio - a grand time to be had by all...', 'random', 'random', ''),
(100, 'Whippoorwillow', 'Whippoorwillow plays many colors of grass with many kinds of folk, including the kind who rock.', 'random', 'random', 'Sundown Sally'),
(101, 'NEO Project', 'NEO Project is rooted in African-American funk music.', 'random', 'random', ''),
(102, 'Alan Rose', 'Alan Rose is the songwriter over the 12-String Edge!', 'random', 'random', ''),
(103, 'Robot Detective and friends', 'Robot Detective is an electro-acoustic improvised live looping performance headed by Chris Knight', 'random', 'random', ''),
(104, 'Better Weather String Band', 'Better Weather  plays southern old time tunes with a great groove.', 'random', 'random', ''),
(105, 'Second Street String Band', 'Second Street plays southern old time fiddle tunes with a strong driving energy', 'random', 'random', ''),
(106, 'Bert Scholl', 'Outlaw Honky Tonk Country Music', 'random', 'random', 'Honky Tonk Hindooz'),
(107, 'Friends of the First Unitarian Society', 'Various performers including the UU Ukulele Union', 'random', 'random', ''),
(108, 'Laila Belle', 'LAILA BELLE rocks as much as it rolls, country style...', 'random', 'random', ''),
(109, 'Tenzin Chopak & Nicholas Walker', 'Tenzin Chopak is a singer songwriter of what sometimes gets called progressive folk: dynamic, driving, stark, and devoted to beauty. ', 'random', 'random', ''),
(110, 'Gadje', 'Gadje is Ithaca?s own Gypsy Rock act.', 'random', 'random', ''),
(111, 'Diamonds in the Rough', 'Diamonds in the Rough are three voices which shimmer when they sing together.', 'random', 'random', ''),
(112, 'Maud Powell and the Ites', 'Young string players amaze!', 'random', 'random', ''),
(113, 'Austin MacRae', 'Contemporary folk music.', 'random', 'random', ''),
(114, '14 Strings!', '14 Strings! is a Filipino Rondalla playing (mostly) 14 stringed fretted instruments.', 'random', 'random', ''),
(115, 'Gunpoets', 'Gunpoets are live hip hop.', 'random', 'random', ''),
(116, 'George Prounis', 'George Prounis is an alternative folk singer-songwriter.', 'random', 'random', ''),
(117, 'Maplewood Jazz Team', 'Fabulous Jazz Trio', 'random', 'random', ''),
(118, 'Mad Goat String Band', 'Mad Goat is a southern-style stringband with compelling tunes and songs.', 'random', 'random', 'Town Squares, Ithaca Bottom Boys'),
(119, 'Regina O\'Brien with Charles d\'Orban', 'Regina & Charles play her original Americana songs.', 'random', 'random', ''),
(120, 'Mary Mary', 'Foot tapping thought provoking originals and awesome covers', 'random', 'random', 'Djug Django, Burns and Kristy '),
(121, 'The Three 4s', '5 piece alternative groove band trying to funk up rock', 'random', 'random', 'Fall Creek Brass Band, Thaelo'),
(122, 'Mike Treat and Friends', 'Small group jazz', 'random', 'random', 'Fall Creek Brass Band'),
(123, 'Opus Ithaca Chamber Ensembles', 'Opus Ithaca Chamber Ensembles are small groups of young musicians on a variety of different instruments playing traditional classical, or fun arrangements of popular tunes.', 'random', 'random', ''),
(124, 'Opus Ithaca Jazz ', 'Opus Ithaca Jazz is a small jazz combo of students and faculty from Opus Ithaca School of Music.', 'random', 'random', ''),
(125, 'Domestic Duo', 'Progressive rock improv by 2 college freshmen', 'random', 'random', ''),
(126, 'Sunny Weather ', 'Sunny Weather music', 'random', 'random', ''),
(127, 'Not From Wisconsin', 'Not From Wisconsin is Chamber Folk/Indie Rock', 'random', 'random', ''),
(128, 'Craig Frey', 'Craig plays acoustic classic prog rock.', 'random', 'random', ''),
(129, 'Grand Turk', 'Cheap Trick in a knife fight with Wire, innocent bystanders.', 'random', 'random', 'Avalnchez, Jennie Stearns'),
(130, 'Avalnchez', 'Avalnchez sounds like a bucket of oranges poured down a wooden staircase.', 'random', 'random', 'Jennie Stearns, Grand Turk'),
(131, 'Justin Friello', 'Justin Friello is a singer-songwriter who writes thoughtful, emotional music, inspired by hip-hop, chamber pop, and orchestral music.', 'random', 'random', ''),
(132, 'Lucky Old Sun', 'Lucky Old Sun plays original rock, folk, soul, and jazz.', 'random', 'random', ''),
(133, 'Strumming and Blowing', 'Traditional Jazz on banjo and horns', 'random', 'random', 'Jazz Happens Band, Community Orchestra, Brass Quintet'),
(134, 'TRAONACH', 'Irish Traditional Music', 'random', 'random', 'Jen Cork and the Good Hope, Kava Intergenerational Irish Session'),
(135, 'the Fly Rods', 'The Fly Rods are a rock and roll band.', 'random', 'random', ''),
(136, 'The Fauxs', 'The Fauxs: cellist, guitarist/pianist (and maybe more) who play faux crock.', 'random', 'random', ''),
(137, 'Ithaca Cats', 'Ithaca Cats is a bluegrass and folk duo on guitar and upright bass blending the tight vocal harmonies and instrumentals of Rob and Robin Steuteville. ', 'random', 'random', 'Fall Creek Bluegrass Partners'),
(138, 'The Rungs', 'fuzzy synth pop', 'random', 'random', ''),
(139, 'FOGG', 'FOGG plays rock from when we were in high school.', 'random', 'random', ''),
(140, 'Brookton Bridge', 'Brookton Bridge plays original passionate + savory alt-folk-rock with a world beat twist.', 'random', 'random', ''),
(141, 'The New York Rock ', 'The New York Rock-5 piece high energy rock', 'random', 'random', ''),
(142, 'Jai and Jonathan', 'Jai and Jonathan is an acoustic guitar and vocal duet playing indie rock and folk. ', 'random', 'random', ''),
(143, 'Janet Batch', 'Janet Batch is a spicy folk singer songwriter..', 'random', 'random', 'Jen Cork and The Good Hope'),
(144, 'Nate & Kate', 'Nate & Kate is folky music and juggling fun for the whole family.', 'random', 'random', 'Travis Knapp'),
(145, 'Singledowt', 'Singledowt is a trio of young musicians.', 'random', 'random', 'Sum Dude & Friends'),
(146, 'Ann Warde', 'Beautiful Sounds: Prepared Piano', 'random', 'random', ''),
(147, 'Suite 107', 'Suite 107 is a funky blues/jazz/ bluegrass jam band ', 'random', 'random', ''),
(148, 'Dusty Charts and his Peripheral Visions', 'One man cosmic chaos and melody.', 'random', 'random', ''),
(149, 'Spirit Soeaks', 'Spirit Speaks shares Earth Spirituality with a passionate edge.', 'random', 'random', ''),
(150, 'HAL', 'HAL is a folk rock artist who plays guitar and harmonica (and possibly other instruments too!)', 'random', 'random', ''),
(151, 'Zach & Zak', 'Two Guitars, Two guys named Zachary, and some other stuff too!', 'random', 'random', ''),
(152, 'Travis Knapp', 'Travis Knapp is an uplifting banjo folk-soul songwriter', 'random', 'random', ''),
(153, 'Sabbathwind', 'Judy Collins meets india.arie in Sabbathwind--whose musical storytelling weaves the playful, rhythmic and ethereal melodies of the indie-folk/jazz/r&b fusion genre.', 'random', 'random', ''),
(154, 'Arthur B and The Planetary Mix', 'Original Old School New School Future School R n B', 'random', 'random', ''),
(155, 'Ithaca Talent Education Cellos', 'Ithaca Talent Education Cellists is a group of young Suzuki-trained musicians sharing gems from the classical cello repertoire', 'random', 'random', ''),
(156, 'Opus Quartet', 'The Opus Quartet is a classical string quartet made up of vibrant young musicians', 'random', 'random', ''),
(157, 'Sum Dude & Friends', 'Sum Dude & Friends - rock/folk/funk love songs improvisational jams', 'random', 'random', 'Cat\'s Elbow, The Darts'),
(158, '?Viva Mayhem!', '?Viva Mayhem! is a local, high-energy Ska/Punk band. ', 'random', 'random', 'The Mockingbeards, Junkyard Theory'),
(159, 'About a Harp', 'Folk Harp', 'random', 'random', ''),
(160, 'Commons Crossing', 'Commons Crossing is a modern guitar and cello duo that features Alejandro Cortese (guitar and vocals) and Joe Sliker (cello).', 'random', 'random', ''),
(161, 'Sundown Sally', 'Sundown Sally is an Americana infusion of folk, rock and blues.', 'random', 'random', 'Whippoorwillow'),
(162, 'Tent Date', 'surf influenced trio.', 'random', 'random', ''),
(163, 'ephemera', 'ephemera is a 7 voice a capela improv group', 'random', 'random', ''),
(164, 'Andrew Alling', 'Acoustic guitar, organ bass pedals and harmonicas, all at once.', 'random', 'random', ''),
(165, 'Timothy Weber', 'Timothy Weber writes and sings his own contemplative songs about love and family and spirit and water.', 'random', 'random', ''),
(166, 'Jennie Lowe Stearns and the Fire Choir', 'Queen of the Waltz plays Indie Dreamy Folk Pop', 'random', 'random', ''),
(167, 'Alt-Ac Quartet', 'Alt-Ac is a string quartet playing pop and classical music.', 'random', 'random', ''),
(168, 'Ophelia Sings', 'Ophelia Sings is Mary Casey playing guitar and singing songs she loves from a variety of genres and songwriters. ', 'random', 'random', ''),
(169, 'Sabbathwind', 'Judy Collins meets india.arie in Sabbathwind--whose musical storytelling weaves the playful, rhythmic and ethereal melodies of the indie-folk/jazz/r&b fusion genre.', 'random', 'random', ''),
(170, 'Ghost Life', 'Psychedelic Folk rock', 'random', 'random', ''),
(171, 'Cielle and All Sounds On', 'Cielle and All Sounds On play all original music with 3 part harmonies.', 'random', 'random', ''),
(172, 'Johnny Dowd and The Sex Robots', 'Acid rock meets the avant garde. ', 'random', 'random', ''),
(173, 'Good Luck Mountain', 'Good Luck Mountain is a rootsy musical collective led by Mike Ferrio. ', 'random', 'random', 'Not From Wisconsin, Marc Berger'),
(174, 'Cayuga Chimes', 'Cayuga Chimes is a women\'s a cappella chorus.', 'random', 'random', ''),
(175, 'Joey Dugan', 'world\'s greatest folksinger', 'random', 'random', ''),
(176, 'Jen Cork & the Good Hope', 'Jen Cork & the Good Hope is an original, female-fronted folk-jazz outfit.', 'random', 'random', 'Janet Batch, Traonach'),
(177, 'Cubbage', 'Cubbage is a jazzy, folky, singer-songwriter, often playing with an acoustic trio (upright bass, drums and piano/guitar).', 'random', 'random', ''),
(178, 'Maxwell Eller', 'Solo experimental improvisation', 'random', 'random', ''),
(179, 'Perry City 5', 'Perry City 5 plays classic rock and some newer rock too.', 'random', 'random', ''),
(180, 'DEL MANKS', 'DEL MANKS is a solo performer.', 'random', 'random', ''),
(181, 'Head Band', 'Head Band is a Funky, Psychadelic Jazz Rock Trio', 'random', 'random', ''),
(182, 'Music\'s Recreation', 'Music\'s Recreation serves up informal, family-friendly chamber music', 'random', 'random', ''),
(183, 'Lately Music Ensemble', 'The Lately Music Ensemble is a banjo and vocal group.', 'random', 'random', ''),
(184, 'eCoArise', 'Original folk-funk with heart', 'random', 'random', ''),
(185, 'Good Luck Mountain', 'Good Luck Mountain is a rootsy musical collective led by Mike Ferrio. ', 'random', 'random', 'Not From Wisconsin, Marc Berger'),
(186, 'Papa Muse', 'Papa Muse will play progressive world grunge', 'random', 'random', ''),
(187, 'Suzuki Violin Studio of Angela Yantorno', 'Suzuki violin studio of Angela Yantorno', 'random', 'random', ''),
(188, 'Pierce Walsh  ', 'Pierce Walsh singer songwriter ', 'random', 'random', ''),
(189, 'Opera Ithaca', 'Opera Ithaca is Ithaca NY\'s professional opera company.', 'random', 'random', ''),
(190, 'Unitarian Universalist Ukulele Union', 'The UU Ukulele Union is an intergenerational group of enthusiastic players.', 'random', 'random', ''),
(191, 'Squirt!?', 'Rock Jazz Vocal Phsycadelic Duo', 'random', 'random', ''),
(192, 'DeWitt Brass Quartet', 'The DeWitt Brass Quartet is a dedicated group of 8th graders at DeWitt Middle School.', 'random', 'random', '');

-- --------------------------------------------------------

--
-- Table structure for table `bandstoporchfests`
--

CREATE TABLE `bandstoporchfests` (
  `BandID` int(11) NOT NULL,
  `PorchfestID` int(11) NOT NULL,
  `PorchLocation` varchar(255) NOT NULL,
  `Latitude` float NOT NULL,
  `Longitude` float NOT NULL,
  `TimeslotID` int(11) DEFAULT NULL
) ENGINE=InnoDB DEFAULT CHARSET=latin1;

--
-- Dumping data for table `bandstoporchfests`
--

INSERT INTO `bandstoporchfests` (`BandID`, `PorchfestID`, `PorchLocation`, `Latitude`, `Longitude`, `TimeslotID`) VALUES
(1, 1, '112 W Marshall St, Ithaca, NY 14850', 42.4463, -76.5002, 0),
(2, 1, '202 Utica St, Ithaca, NY 14850', 42.4463, -76.4985, 0),
(3, 1, '706 N Cayuga St, Ithaca, NY 14850', 42.4475, -76.4998, 0),
(4, 1, '607 N Tioga St, Ithaca, NY 14850', 42.4467, -76.4968, 0),
(5, 1, '307 Auburn St, Ithaca, NY 14850', 42.4499, -76.5005, 0),
(6, 1, '202 Utica St, Ithaca, NY 14850', 42.4463, -76.4985, 0),
(7, 1, '116 Cascadilla Ave, Ithaca, NY 14850', 42.4444, -76.498, 0),
(8, 1, '511 Willow Ave, Ithaca, NY 14850', 42.4495, -76.5026, 0),
(9, 1, '116 Cascadilla St, Ithaca, NY 14850', 42.4447, -76.5006, 0),
(10, 1, '401 Linn St, Ithaca, NY 14850', 42.4474, -76.4944, 0),
(11, 1, '720 N Aurora St, Ithaca, NY 14850', 42.4483, -76.4963, 0),
(12, 1, '609 N Aurora St, Ithaca, NY 14850', 42.4468, -76.4957, 0),
(13, 1, '421 N Aurora St, Ithaca, NY 14850', 42.4436, -76.4955, 0),
(14, 1, '601 N Cayuga St, Ithaca, NY 14850', 42.4462, -76.499, 0),
(15, 1, '1103 N Cayuga St, Ithaca, NY 14850', 42.4523, -76.4994, 0),
(16, 1, '611 N Aurora St, Ithaca, NY 14850', 42.4468, -76.4957, 0),
(17, 1, '210 Utica St, Ithaca, NY 14850', 42.4467, -76.4983, 0),
(18, 1, '104 Adams St, Ithaca, NY 14850', 42.4497, -76.5013, 0),
(19, 1, '211 Willow Ave, Ithaca, NY 14850', 42.4467, -76.5003, 0),
(20, 1, '509 Utica St, Ithaca, NY 14850', 42.4501, -76.4982, 0),
(21, 1, '1103 N Cayuga St, Ithaca, NY 14850', 42.4523, -76.4994, 0),
(22, 1, '308 Lake Ave, Ithaca, NY 14850', 42.4472, -76.5019, 0),
(23, 1, '104 E Jay St, Ithaca, NY 14850', 42.4509, -76.4991, 0),
(24, 1, '614 N Cayuga St, Ithaca, NY 14850', 42.4469, -76.4998, 0),
(25, 1, '602 N Cayuga St, Ithaca, NY 14850', 42.4462, -76.4997, 0),
(26, 1, '912 N Cayuga St, Ithaca, NY 14850', 42.4501, -76.4995, 0),
(27, 1, '100 Franklin St, Ithaca, NY 14850', 42.451, -76.5011, 0),
(28, 1, '1112 N Tioga St, Ithaca, NY 14850', 42.4526, -76.4979, 0),
(29, 1, '1112 N Tioga St, Ithaca, NY 14850', 42.4526, -76.4979, 0),
(30, 1, '204 W Yates St, Ithaca, NY 14850', 42.4472, -76.501, 0),
(31, 1, '204 W Yates St, Ithaca, NY 14850', 42.4472, -76.501, 0),
(32, 1, '930 N Tioga St, Ithaca, NY 14850', 42.4506, -76.4975, 0),
(33, 1, '100 Franklin St, Ithaca, NY 14850', 42.451, -76.5011, 0),
(34, 1, '202 Utica St, Ithaca, NY 14850', 42.4463, -76.4985, 0),
(35, 1, 'Thompson Park, Ithaca, NY 14850', 42.4455, -76.4999, 0),
(36, 1, '218 Utica St, Ithaca, NY 14850', 42.447, -76.4985, 0),
(37, 1, '114 Cascadilla Ave, Ithaca, NY 14850', 42.4444, -76.4981, 0),
(38, 1, '100 Franklin St, Ithaca, NY 14850', 42.451, -76.5011, 0),
(39, 1, '112 W Marshall St, Ithaca, NY 14850', 42.4463, -76.5002, 0),
(40, 1, '707 N Aurora St, Ithaca, NY 14850', 42.4477, -76.4957, 0),
(41, 1, '610 E Marshall St, Ithaca, NY 14850', 42.4462, -76.4948, 0),
(42, 1, '115 W Yates St, Ithaca, NY 14850', 42.447, -76.5004, 0),
(43, 1, '702 N Aurora St, Ithaca, NY 14850', 42.4475, -76.4964, 0),
(44, 1, '612 N Cayuga St, Ithaca, NY 14850', 42.4468, -76.4998, 0),
(45, 1, '607 N Aurora St, Ithaca, NY 14850', 42.4467, -76.4957, 0),
(46, 1, '612 N Cayuga St, Ithaca, NY 14850', 42.4468, -76.4998, 0),
(47, 1, '714 N Cayuga St, Ithaca, NY 14850', 42.448, -76.4999, 0),
(48, 1, '432 N Tioga St, Ithaca, NY 14850', 42.4443, -76.4974, 0),
(49, 1, '106 E Yates St, Ithaca, NY 14850', 42.4472, -76.4989, 0),
(50, 1, '607 N Aurora St, Ithaca, NY 14850', 42.4467, -76.4957, 0),
(51, 1, '104 Adams St, Ithaca, NY 14850', 42.4497, -76.5013, 0),
(52, 1, '105 King St, Ithaca, NY 14850', 42.4501, -76.4969, 0),
(53, 1, '116 Cascadilla Ave, Ithaca, NY 14850', 42.4444, -76.498, 0),
(54, 1, '515 N Tioga St, Ithaca, NY 14850', 42.4459, -76.4968, 0),
(55, 1, '617 N Cayuga St, Ithaca, NY 14850', 42.4471, -76.499, 0),
(56, 1, '442 N Aurora St, Ithaca, NY 14850', 42.4445, -76.4962, 0),
(57, 1, '442 N Aurora St, Ithaca, NY 14850', 42.4445, -76.4962, 0),
(58, 1, '1301 N Cayuga St, Ithaca, NY 14850', 42.4536, -76.4995, 0),
(59, 1, '219 Auburn St, Ithaca, NY 14850', 42.4493, -76.5004, 0),
(60, 1, '219 Auburn St, Ithaca, NY 14850', 42.4493, -76.5004, 0),
(61, 1, '617 N Cayuga St, Ithaca, NY 14850', 42.4471, -76.499, 0),
(62, 1, '104 Adams St, Ithaca, NY 14850', 42.4497, -76.5013, 0),
(63, 1, '620 N Tioga St, Ithaca, NY 14850', 42.4471, -76.4975, 0),
(64, 1, '711 N Tioga St, Ithaca, NY 14850', 42.448, -76.4969, 0),
(65, 1, '611 N Cayuga St, Ithaca, NY 14850', 42.4468, -76.4991, 0),
(66, 1, '422 N Cayuga St, Ithaca, NY 14850', 42.4441, -76.4997, 0),
(67, 1, '710 N Aurora St, Ithaca, NY 14850', 42.4477, -76.4964, 0),
(68, 1, '711 N Tioga St, Ithaca, NY 14850', 42.448, -76.4969, 0),
(69, 1, '502 Linn St, Ithaca, NY 14850', 42.4487, -76.4951, 0),
(70, 1, '611 N Aurora St, Ithaca, NY 14850', 42.4468, -76.4957, 0),
(71, 1, '702 N Aurora St, Ithaca, NY 14850', 42.4475, -76.4964, 0),
(72, 1, '811 N Tioga St, Ithaca, NY 14850', 42.4492, -76.497, 0),
(73, 1, '1301 N Cayuga St, Ithaca, NY 14850', 42.4536, -76.4995, 0),
(74, 1, '318 Lake Ave, Ithaca, NY 14850', 42.4475, -76.5022, 0),
(75, 1, '912 N Cayuga St, Ithaca, NY 14850', 42.4501, -76.4995, 0),
(76, 1, '105 Second St, Ithaca, NY 14850', 42.4449, -76.5021, 0),
(77, 1, '308 Utica St, Ithaca, NY 14850', 42.4477, -76.4987, 0),
(78, 1, '206 E Jay St, Ithaca, NY 14850', 42.4509, -76.4979, 0),
(79, 1, '412 N Aurora St, Ithaca, NY 14850', 42.4436, -76.4961, 0),
(80, 1, '814 N Cayuga St, Ithaca, NY 14850', 42.4491, -76.4999, 0),
(81, 1, '442 N Aurora St, Ithaca, NY 14850', 42.4445, -76.4962, 0),
(82, 1, '908 N Cayuga St, Ithaca, NY 14850', 42.4499, -76.4996, 0),
(83, 1, '810 N Aurora St, Ithaca, NY 14850', 42.4489, -76.4964, 0),
(84, 1, 'Thompson Park, Ithaca, NY 14850', 42.4455, -76.4999, 0),
(85, 1, '619 N Aurora St, Ithaca, NY 14850', 42.4472, -76.4957, 0),
(86, 1, '112 W Marshall St, Ithaca, NY 14850', 42.4463, -76.5002, 0),
(87, 1, '619 N Aurora St, Ithaca, NY 14850', 42.4472, -76.4957, 0),
(88, 1, '216 Queen St, Ithaca, NY 14850', 42.4516, -76.4955, 0),
(89, 1, '513 Utica St, Ithaca, NY 14850', 42.4504, -76.4983, 0),
(90, 1, '104 Adams St, Ithaca, NY 14850', 42.4497, -76.5013, 0),
(91, 1, '619 N Aurora St, Ithaca, NY 14850', 42.4472, -76.4957, 0),
(92, 1, '203 Auburn St, Ithaca, NY 14850', 42.4486, -76.5004, 0),
(93, 1, '317 Auburn St, Ithaca, NY 14850', 42.4502, -76.5009, 0),
(94, 1, '102 Hancock St, Ithaca, NY 14850', 42.4485, -76.5011, 0),
(95, 1, '102 Hancock St, Ithaca, NY 14850', 42.4485, -76.5011, 0),
(96, 1, '406 E Marshall St, Ithaca, NY 14850', 42.4462, -76.4955, 0),
(97, 1, '115 Cascadilla St, Ithaca, NY 14850', 42.4444, -76.5002, 0),
(98, 1, '306 E Yates St, Ithaca, NY 14850', 42.4475, -76.4967, 0),
(99, 1, '306 E Yates St, Ithaca, NY 14850', 42.4475, -76.4967, 0),
(100, 1, '710 N Aurora St, Ithaca, NY 14850', 42.4477, -76.4964, 0),
(101, 1, '104 Adams St, Ithaca, NY 14850', 42.4497, -76.5013, 0),
(102, 1, '1102 N Cayuga St, Ithaca, NY 14850', 42.4521, -76.5, 0),
(103, 1, '427 N Cayuga St, Ithaca, NY 14850', 42.4443, -76.499, 0),
(104, 1, '202 2nd St, Ithaca, NY 14850', 42.4451, -76.5029, 0),
(105, 1, '202 2nd St, Ithaca, NY 14850', 42.4451, -76.5029, 0),
(106, 1, '912 N Cayuga St, Ithaca, NY 14850', 42.4501, -76.4995, 0),
(107, 1, '306 N Aurora St, Ithaca, NY 14850', 42.4416, -76.496, 0),
(108, 1, '116 Cascadilla Ave, Ithaca, NY 14850', 42.4444, -76.498, 0),
(109, 1, '513 Willow Ave, Ithaca, NY 14850', 42.4496, -76.5027, 0),
(110, 1, '210 E Marshall St, Ithaca, NY 14850', 42.4463, -76.4976, 0),
(111, 1, '313 Utica St, Ithaca, NY 14850', 42.448, -76.4981, 0),
(112, 1, '520 N Tioga St, Ithaca, NY 14850', 42.446, -76.4974, 0),
(113, 1, '703 N Cayuga St, Ithaca, NY 14850', 42.4475, -76.4991, 0),
(114, 1, '607 N Tioga St, Ithaca, NY 14850', 42.4467, -76.4968, 0),
(115, 1, '502 Linn St, Ithaca, NY 14850', 42.4487, -76.4951, 0),
(116, 1, '317 Utica St, Ithaca, NY 14850', 42.4481, -76.4981, 0),
(117, 1, '916 N Aurora St, Ithaca, NY 14850', 42.451, -76.4966, 0),
(118, 1, '615 Utica St, Ithaca, NY 14850', 42.4515, -76.4983, 0),
(119, 1, '306 E Yates St, Ithaca, NY 14850', 42.4475, -76.4967, 0),
(120, 1, '520 N Tioga St, Ithaca, NY 14850', 42.446, -76.4974, 0),
(121, 1, '508 N. Aurora St, Ithaca, NY 14850', 42.4455, -76.4963, 0),
(122, 1, '1112 N Tioga St, Ithaca, NY 14850', 42.4526, -76.4979, 0),
(123, 1, '611 N Cayuga St, Ithaca, NY 14850', 42.4468, -76.4991, 0),
(124, 1, '611 N Cayuga St, Ithaca, NY 14850', 42.4468, -76.4991, 0),
(125, 1, '412 N Aurora St, Ithaca, NY 14850', 42.4436, -76.4961, 0),
(126, 1, '507 Utica St, Ithaca, NY 14850', 42.45, -76.4982, 0),
(127, 1, '206 E Jay St, Ithaca, NY 14850', 42.4509, -76.4979, 0),
(128, 1, '203 Auburn St, Ithaca, NY 14850', 42.4486, -76.5004, 0),
(129, 1, '608 Utica St, Ithaca, NY 14850', 42.4512, -76.4989, 0),
(130, 1, '608 Utica St, Ithaca, NY 14850', 42.4512, -76.4989, 0),
(131, 1, '802 N Cayuga St, Ithaca, NY 14850', 42.4485, -76.4998, 0),
(132, 1, '713 N Cayuga St, Ithaca, NY 14850', 42.4481, -76.4991, 0),
(133, 1, '100 Franklin St, Ithaca, NY 14850', 42.451, -76.5011, 0),
(134, 1, '304 Linn St, Ithaca, NY 14850', 42.4465, -76.495, 0),
(135, 1, '412 N Aurora St, Ithaca, NY 14850', 42.4436, -76.4961, 0),
(136, 1, '516 Linn St, Ithaca, NY 14850', 42.4496, -76.4949, 0),
(137, 1, '218 Utica St, Ithaca, NY 14850', 42.447, -76.4985, 0),
(138, 1, '432 N Tioga St, Ithaca, NY 14850', 42.4443, -76.4974, 0),
(139, 1, '421 N Aurora St, Ithaca, NY 14850', 42.4436, -76.4955, 0),
(140, 1, '711 N Tioga St, Ithaca, NY 14850', 42.448, -76.4969, 0),
(141, 1, '413 Auburn St, Ithaca, NY 14850', 42.4515, -76.5006, 0),
(142, 1, '421 N Aurora St, Ithaca, NY 14850', 42.4436, -76.4955, 0),
(143, 1, '909 N Cayuga St, Ithaca, NY 14850', 42.4501, -76.4993, 0),
(144, 1, '108 W Yates, Ithaca, NY, 14850', 42.4474, -76.5, 0),
(145, 1, '117 Farm St, Ithaca, NY 14850', 42.4447, -76.4981, 0),
(146, 1, '209 E Jay St, Ithaca, NY 14850', 42.4505, -76.4979, 0),
(147, 1, '216 Cascadilla St, Ithaca, NY 14850', 42.4447, -76.502, 0),
(148, 1, '611 N Tioga St, Ithaca, NY 14850', 42.4469, -76.4968, 0),
(149, 1, '213 Second St, Ithaca, NY 14850', 42.4457, -76.5027, 0),
(150, 1, '321 N Tioga St, Ithaca, NY 14850', 42.4424, -76.497, 0),
(151, 1, '507 Utica St, Ithaca, NY 14850', 42.45, -76.4982, 0),
(152, 1, '519 Willow Ave, Ithaca, NY 14850', 42.4498, -76.5029, 0),
(153, 1, '117 E York St, Ithaca, NY 14850', 42.4533, -76.4987, 0),
(154, 1, '117 E York St, Ithaca, NY 14850', 42.4533, -76.4987, 0),
(155, 1, '1106 N Cayuga St, Ithaca, NY 14850', 42.4523, -76.5001, 0),
(156, 1, '1106 N Cayuga St, Ithaca, NY 14850', 42.4523, -76.5001, 0),
(157, 1, '117 Farm St, Ithaca, NY 14850', 42.4447, -76.4981, 0),
(158, 1, '401 Linn St, Ithaca, NY 14850', 42.4474, -76.4944, 0),
(159, 1, '702 N Aurora St, Ithaca, NY 14850', 42.4475, -76.4964, 0),
(160, 1, '610 N Cayuga St, Ithaca, NY 14850', 42.4467, -76.4997, 0),
(161, 1, '423 E Lincoln St, Ithaca, NY 14850', 42.4518, -76.4948, 0),
(162, 1, '716 N Aurora St, Ithaca, NY 14850', 42.4482, -76.4964, 0),
(163, 1, '919 N Tioga St, Ithaca, NY 14850', 42.4506, -76.4971, 0),
(164, 1, '511 N Aurora St, Ithaca, NY 14850', 42.4455, -76.4956, 0),
(165, 1, '510 Linn St, Ithaca, NY 14850', 42.4492, -76.4953, 0),
(166, 1, '308 Lake Ave, Ithaca, NY 14850', 42.4472, -76.5019, 0),
(167, 1, '413 N Cayuga St, Ithaca, NY 14850', 42.4434, -76.4988, 0),
(168, 1, '710 N Aurora St, Ithaca, NY 14850', 42.4477, -76.4964, 0),
(169, 1, '117 E York St, Ithaca, NY 14850', 42.4533, -76.4987, 0),
(170, 1, '118 Cascadilla Ave, Ithaca, NY 14850', 42.4443, -76.4978, 0),
(171, 1, '713 N Aurora St, Ithaca, NY 14850', 42.448, -76.4957, 0),
(172, 1, '304 E Marshall St, Ithaca, NY 14850', 42.4463, -76.4968, 0),
(173, 1, '108 Auburn St, Ithaca, NY 14850', 42.4475, -76.5009, 0),
(174, 1, '404 N Cayuga St, Ithaca, NY 14850', 42.443, -76.4995, 0),
(175, 1, '212 2nd St, Ithaca, NY 14850', 42.4454, -76.5032, 0),
(176, 1, '212 2nd St, Ithaca, NY 14850', 42.4454, -76.5032, 0),
(177, 1, '410 Madison St, Ithaca, NY 14850', 42.4454, -76.5051, 0),
(178, 1, '432 N Tioga St, Ithaca, NY 14850', 42.4443, -76.4974, 0),
(179, 1, '811 N Tioga St, Ithaca, NY 14850', 42.4492, -76.497, 0),
(180, 1, '410 Madison St, Ithaca, NY 14850', 42.4454, -76.5051, 0),
(181, 1, '511 N Aurora St, Ithaca, NY 14850', 42.4455, -76.4956, 0),
(182, 1, '204 W Yates St, Ithaca, NY 14850', 42.4472, -76.501, 0),
(183, 1, '218 Utica St, Ithaca, NY 14850', 42.447, -76.4985, 0),
(184, 1, '117 Farm St, Ithaca, NY 14850', 42.4447, -76.4981, 0),
(185, 1, '108 Auburn St, Ithaca, NY 14850', 42.4475, -76.5009, 0),
(186, 1, '109 W Jay St, Ithaca, NY 14850', 42.4504, -76.5005, 0),
(187, 1, '206 E Jay St, Ithaca, NY 14850', 42.4509, -76.4979, 0),
(188, 1, '513 Willow Ave, Ithaca, NY 14850', 42.4496, -76.5027, 0),
(189, 1, '306 N Aurora St, Ithaca, NY 14850', 42.4416, -76.496, 0),
(190, 1, '306 N Aurora St, Ithaca, NY 14850', 42.4416, -76.496, 0),
(191, 1, '407 Utica St, Ithaca, NY 14850', 42.4489, -76.4981, 0),
(192, 1, '306 N Aurora St, Ithaca, NY 14850', 42.4416, -76.496, 0);

-- --------------------------------------------------------

--
-- Table structure for table `porchfests`
--

CREATE TABLE `porchfests` (
  `PorchfestID` int(11) NOT NULL,
  `URL` varchar(255) NOT NULL,
  `Name` varchar(255) NOT NULL,
  `Nickname` varchar(255) NOT NULL,
  `Location` varchar(255) NOT NULL,
  `Date` date NOT NULL,
  `Description` text NOT NULL,
  `Deadline` datetime NOT NULL,
  `Published` tinyint(1) NOT NULL
) ENGINE=InnoDB DEFAULT CHARSET=latin1;

--
-- Dumping data for table `porchfests`
--

INSERT INTO `porchfests` (`PorchfestID`, `URL`, `Name`, `Nickname`, `Location`, `Date`, `Description`, `Deadline`, `Published`) VALUES
(1, '', 'Ithaca Porchfest', 'ithaca', 'Utica, NY', '2017-03-23', 'Porchfest began in 2007, inspired by some outdoor ukulele playing and a conversation between neighbors Gretchen Hildreth and Lesley Greene. They came up with the idea for it that day and gathered 20 bands to make it happen in September of that year. The number of bands has increased every year since then, with 185 in 2016.', '2017-03-31 10:00:00', 0);

-- --------------------------------------------------------

--
-- Table structure for table `porchfesttimeslots`
--

CREATE TABLE `porchfesttimeslots` (
  `TimeslotID` int(11) NOT NULL,
  `PorchfestID` int(11) NOT NULL,
  `StartTime` datetime NOT NULL,
  `EndTime` datetime NOT NULL
) ENGINE=InnoDB DEFAULT CHARSET=latin1;

--
-- Dumping data for table `porchfesttimeslots`
--

INSERT INTO `porchfesttimeslots` (`TimeslotID`, `PorchfestID`, `StartTime`, `EndTime`) VALUES
(1, 1, '2017-03-23 12:30:00', '2017-03-22 13:30:00'),
(2, 1, '2017-03-23 13:30:00', '2017-03-23 14:30:00'),
(3, 1, '2017-03-23 10:30:00', '2017-03-23 11:30:00'),
(4, 1, '2017-03-23 09:30:00', '2017-03-23 10:30:00'),
(5, 1, '2017-03-23 08:30:00', '2017-03-23 09:30:00'),
(6, 1, '2017-03-23 11:30:00', '2017-03-23 12:30:00');

-- --------------------------------------------------------

--
-- Table structure for table `users`
--

CREATE TABLE `users` (
  `UserID` int(11) NOT NULL,
  `Email` varchar(255) NOT NULL,
  `Password` varchar(255) NOT NULL,
  `Name` varchar(255) NOT NULL,
  `ContactInfo` varchar(255) NOT NULL
) ENGINE=InnoDB DEFAULT CHARSET=latin1;

--
-- Dumping data for table `users`
--

INSERT INTO `users` (`UserID`, `Email`, `Password`, `Name`, `ContactInfo`) VALUES
(1, 'user@porchfest.com', 'porchfest', 'porchfest', 'porchfest');

-- --------------------------------------------------------

--
-- Table structure for table `userstobands`
--

CREATE TABLE `userstobands` (
  `UserID` int(11) NOT NULL,
  `BandID` int(11) NOT NULL
) ENGINE=InnoDB DEFAULT CHARSET=latin1;

--
-- Dumping data for table `userstobands`
--

INSERT INTO `userstobands` (`UserID`, `BandID`) VALUES
(1, 1);

-- --------------------------------------------------------

--
-- Table structure for table `userstoporchfests`
--

CREATE TABLE `userstoporchfests` (
  `UserID` int(11) NOT NULL,
  `PorchfestID` int(11) NOT NULL
) ENGINE=InnoDB DEFAULT CHARSET=latin1;

--
-- Dumping data for table `userstoporchfests`
--

INSERT INTO `userstoporchfests` (`UserID`, `PorchfestID`) VALUES
(1, 1);

--
-- Indexes for dumped tables
--

--
-- Indexes for table `bandavailabletimes`
--
ALTER TABLE `bandavailabletimes`
  ADD PRIMARY KEY (`BandID`,`TimeslotID`),
  ADD KEY `BandID` (`BandID`,`TimeslotID`),
  ADD KEY `TimeslotID` (`TimeslotID`);

--
-- Indexes for table `bandconflicts`
--
ALTER TABLE `bandconflicts`
  ADD PRIMARY KEY (`BandID1`,`BandID2`),
  ADD KEY `BandID2` (`BandID2`);

--
-- Indexes for table `bands`
--
ALTER TABLE `bands`
  ADD PRIMARY KEY (`BandID`);

--
-- Indexes for table `bandstoporchfests`
--
ALTER TABLE `bandstoporchfests`
  ADD PRIMARY KEY (`BandID`,`PorchfestID`),
  ADD KEY `BandID` (`BandID`,`PorchfestID`,`TimeslotID`),
  ADD KEY `PorchfestID` (`PorchfestID`),
  ADD KEY `TimeslotID` (`TimeslotID`);

--
-- Indexes for table `porchfests`
--
ALTER TABLE `porchfests`
  ADD PRIMARY KEY (`PorchfestID`);

--
-- Indexes for table `porchfesttimeslots`
--
ALTER TABLE `porchfesttimeslots`
  ADD PRIMARY KEY (`TimeslotID`),
  ADD KEY `PorchfestID` (`PorchfestID`);

--
-- Indexes for table `users`
--
ALTER TABLE `users`
  ADD PRIMARY KEY (`UserID`);

--
-- Indexes for table `userstobands`
--
ALTER TABLE `userstobands`
  ADD PRIMARY KEY (`UserID`,`BandID`),
  ADD KEY `UserID` (`UserID`,`BandID`),
  ADD KEY `BandID` (`BandID`);

--
-- Indexes for table `userstoporchfests`
--
ALTER TABLE `userstoporchfests`
  ADD PRIMARY KEY (`UserID`,`PorchfestID`),
  ADD KEY `UserID` (`UserID`),
  ADD KEY `PorchfestID` (`PorchfestID`);

--
-- AUTO_INCREMENT for dumped tables
--

--
-- AUTO_INCREMENT for table `bands`
--
ALTER TABLE `bands`
  MODIFY `BandID` int(11) NOT NULL AUTO_INCREMENT, AUTO_INCREMENT=193;
--
-- AUTO_INCREMENT for table `porchfests`
--
ALTER TABLE `porchfests`
  MODIFY `PorchfestID` int(11) NOT NULL AUTO_INCREMENT, AUTO_INCREMENT=2;
--
-- AUTO_INCREMENT for table `porchfesttimeslots`
--
ALTER TABLE `porchfesttimeslots`
  MODIFY `TimeslotID` int(11) NOT NULL AUTO_INCREMENT, AUTO_INCREMENT=7;
--
-- AUTO_INCREMENT for table `users`
--
ALTER TABLE `users`
  MODIFY `UserID` int(11) NOT NULL AUTO_INCREMENT, AUTO_INCREMENT=2;
--
-- Constraints for dumped tables
--

--
-- Constraints for table `bandavailabletimes`
--
ALTER TABLE `bandavailabletimes`
  ADD CONSTRAINT `bandavailabletimes_ibfk_1` FOREIGN KEY (`BandID`) REFERENCES `bands` (`BandID`) ON DELETE CASCADE ON UPDATE CASCADE,
  ADD CONSTRAINT `bandavailabletimes_ibfk_2` FOREIGN KEY (`TimeslotID`) REFERENCES `porchfesttimeslots` (`TimeslotID`) ON DELETE CASCADE ON UPDATE CASCADE;

--
-- Constraints for table `bandconflicts`
--
ALTER TABLE `bandconflicts`
  ADD CONSTRAINT `bandconflicts_ibfk_1` FOREIGN KEY (`BandID1`) REFERENCES `bands` (`BandID`) ON DELETE CASCADE ON UPDATE CASCADE,
  ADD CONSTRAINT `bandconflicts_ibfk_2` FOREIGN KEY (`BandID2`) REFERENCES `bands` (`BandID`) ON DELETE CASCADE ON UPDATE CASCADE;

--
-- Constraints for table `bandstoporchfests`
--
ALTER TABLE `bandstoporchfests`
  ADD CONSTRAINT `bandstoporchfests_ibfk_1` FOREIGN KEY (`BandID`) REFERENCES `bands` (`BandID`) ON DELETE CASCADE ON UPDATE CASCADE,
  ADD CONSTRAINT `bandstoporchfests_ibfk_2` FOREIGN KEY (`PorchfestID`) REFERENCES `porchfests` (`PorchfestID`) ON DELETE CASCADE ON UPDATE CASCADE,
  ADD CONSTRAINT `bandstoporchfests_ibfk_3` FOREIGN KEY (`TimeslotID`) REFERENCES `porchfesttimeslots` (`TimeslotID`) ON DELETE CASCADE ON UPDATE CASCADE;

--
-- Constraints for table `porchfesttimeslots`
--
ALTER TABLE `porchfesttimeslots`
  ADD CONSTRAINT `porchfesttimeslots_ibfk_1` FOREIGN KEY (`PorchfestID`) REFERENCES `porchfests` (`PorchfestID`) ON DELETE CASCADE ON UPDATE CASCADE;

--
-- Constraints for table `userstobands`
--
ALTER TABLE `userstobands`
  ADD CONSTRAINT `userstobands_ibfk_1` FOREIGN KEY (`UserID`) REFERENCES `users` (`UserID`) ON DELETE CASCADE ON UPDATE CASCADE,
  ADD CONSTRAINT `userstobands_ibfk_2` FOREIGN KEY (`BandID`) REFERENCES `bands` (`BandID`) ON DELETE CASCADE ON UPDATE CASCADE;

--
-- Constraints for table `userstoporchfests`
--
ALTER TABLE `userstoporchfests`
  ADD CONSTRAINT `userstoporchfests_ibfk_1` FOREIGN KEY (`UserID`) REFERENCES `users` (`UserID`) ON DELETE CASCADE ON UPDATE CASCADE,
  ADD CONSTRAINT `userstoporchfests_ibfk_2` FOREIGN KEY (`PorchfestID`) REFERENCES `porchfests` (`PorchfestID`) ON DELETE CASCADE ON UPDATE CASCADE;
